Aadorf
Aarau
Aarberg
Aarburg
Aarwangen
Acquarossa
Adelboden
Adligenswil
Adliswil
Adliswil / Adliswil (Stadtkern)
Adliswil / Hündli-Zopf
Adliswil / Oberleimbach
Adliswil / Sonnenberg
Adliswil / Sood
Adliswil / Tal
Aesch
Aesch
Aeschi b. Spiez
Affeltrangen
Affoltern / Hasenbüel
Affoltern / Oberdorf
Affoltern / Sonnenberg
Affoltern / Unterdorf
Affoltern am Albis
Agno
Aigle
Aigle District
Aire-la-Ville
Airolo
Alle
Allschwil
Alpnach
Altdorf
Altendorf
Alterswil
Altishofen
Altnau
Altstätten
Amden
Amriswil
Andelfingen
Andermatt
Andwil
Anières
Appenzell
Apples
Arbon
Arbon District
Arch
Ardon
Arisdorf
Aristau
Arlesheim
Arosa
Arth
Arvigo
Arzier
Arzo
Ascona
Attalens
Attinghausen
Attiswil
Au
Au
Au / Mittel-Dorf
Au / Unter-Dorf
Aubonne
Auvernier
Auw
Avenches
Avry-sur-Matran
Ayent
Baar
Bachenbülach
Bad Ragaz
Bad Zurzach
Baden
Bagnes
Balerna
Balgach
Ballens
Ballwil
Balsthal
Baltschieder
Bas-Vully
Basel
Basse-Nendaz
Bassecourt
Bassersdorf
Bauen
Bauma
Bavois
Beatenberg
Beckenried
Begnins
Belfaux
Bellevue
Bellinzona
Bellinzona District
Bellmund
Belmont-sur-Lausanne
Belp
Benglen
Benken
Berg
Berikon
Beringen
Bern
Bern-Mittelland District
Bernex
Berolle
Beromünster
Besenbüren
Bettingen
Bettlach
Bevaix
Bex
Bezirk Aarau
Bezirk Affoltern
Bezirk Andelfingen
Bezirk Arlesheim
Bezirk Baden
Bezirk Bremgarten
Bezirk Brugg
Bezirk Bucheggberg
Bezirk Bülach
Bezirk Dielsdorf
Bezirk Dietikon
Bezirk Dorneck
Bezirk Einsiedeln
Bezirk Gersau
Bezirk Gäu
Bezirk Gösgen
Bezirk Hinterland
Bezirk Hinwil
Bezirk Horgen
Bezirk Höfe
Bezirk Kulm
Bezirk Küssnacht
Bezirk Laufen
Bezirk Laufenburg
Bezirk Lebern
Bezirk Lenzburg
Bezirk Liestal
Bezirk March
Bezirk Meilen
Bezirk Mittelland
Bezirk Muri
Bezirk Oberklettgau
Bezirk Olten
Bezirk Pfäffikon
Bezirk Reiat
Bezirk Rheinfelden
Bezirk Schaffhausen
Bezirk Schleitheim
Bezirk Schwyz
Bezirk Sissach
Bezirk Solothurn
Bezirk Stein
Bezirk Thal
Bezirk Thierstein
Bezirk Unterklettgau
Bezirk Uster
Bezirk Vorderland
Bezirk Waldenburg
Bezirk Wasseramt
Bezirk Winterthur
Bezirk Zofingen
Bezirk Zurzach
Bezirk Zürich
Biasca
Biberist
Biel/Bienne
Biel/Bienne District
Biglen
Bilten
Binningen
Binz
Binzikon
Bioggio
Birchwil
Birmensdorf
Birmenstorf
Birr
Birsfelden
Bière
Blenio District
Blonay
Blumenstein
Blécherette
Bodio
Bolligen
Boltigen
Bonaduz
Boncourt
Boniswil
Bonstetten
Bottens
Bottighofen
Bottmingen
Boudry
Boudry District
Bowil
Breitenbach
Bremgarten
Breíl
Brienz
Brig
Brig District
Brislach
Brissago
Brittnau
Broc
Bronschhofen
Broye District
Broye-Vully District
Brugg
Brusio
Brügg
Brütten
Brüttisellen
Bubendorf
Bubikon
Buchholterberg
Buchrain
Buchs
Buchs
Bulle
Buochs
Burgdorf
Burgistein
Buseno
Bussigny
Buttisholz
Buttwil
Buus
Bäch
Bäretswil
Bäriswil
Bätterkinden
Bévilard
Bönigen
Bösingen
Bühler
Bülach
Bülach / Gstückt
Bülach / Seematt
Bülach / Soligänter
Bürglen
Bürglen
Büron
Büsserach
Bütschwil
Cadempino
Cadenazzo
Cadro
Camorino
Canobbio
Carouge
Caslano
Castel San Pietro
Cauco
Caux
Cazis
Celerina
Cernier
Cevio
Chalais
Cham
Chamoson
Champéry
Chancy
Chardonne
Charmey
Charrat
Chavannes
Chavannes-le-Veyron
Chavornay
Chermignon-d’en Haut
Cheseaux
Chevilly
Chexbres
Chiasso
Chippis
Chur
Churwalden
Château-d'Oex
Châtel-Saint-Denis
Chézard-Saint-Martin
Chêne-Bougeries
Chêne-Bourg
Claro
Collombey-Muraz
Colombier
Comano
Confignon
Conthey
Conthey District
Coppet
Corgémont
Corminboeuf
Cornaux
Corsier
Cortaillod
Cossonay
Courfaivre
Courgenay
Courgevaux
Courrendlin
Courroux
Court
Courtelary
Courtételle
Couvet
Crissier
Cuarnens
Cugnasco
Cugy
Cully
Dachsen
Dagmersellen
Dallenwil
Dardagny
Davos
Degersheim
Deitingen
Delémont
Delémont District
Densbüren
Derendingen
Diegten
Dielsdorf
Diemtigen
Diepoldsau
Diessenhofen
Dietikon
Dietikon / Almend
Dietikon / Guggenbühl
Dietikon / Hofacker
Dietikon / Kreuzacker
Dietikon / Oberdorf
Dietikon / Schönenwerd
Dietikon / Vorstadt
Dietlikon / Dietlikon (Dorf)
Dietlikon / Eichwiesen
Disentis
Domat
Dombresson
Domdidier
Dorf
Dornach
Dottikon
Dällikon / Dällikon (Dorf)
Dänikon
Därligen
Dübendorf
Dübendorf / Kunklerstrasse
Dübendorf / Sonnenberg
Dübendorf / Vogelquartier
Dübendorf / Wasserfurren
Düdingen
Dürnten
Dürrenroth
Dürrenäsch
Ebikon
Ebmatingen
Ebnat-Kappel
Echallens
Ecublens
Ecublens
Effretikon
Effretikon / Rappenhalde-Bannhalde
Effretikon / Rikon
Effretikon / Watt
Egerkingen
Egg
Eggersriet
Eggiwil
Egliswil
Egnach
Ehrendingen
Eich
Eichberg
Eiken
Einsiedeln
Elgg
Elgg / Städtchen und Umgebung
Elsau-Räterschen
Elsau-Räterschen / Räterschen
Embrach
Embrach / Embrach (Dorfkern)
Embrach / Kellersacker
Emmen
Emmental District
Emmetten
Endingen
Engelberg
Ennenda
Ennetbürgen
Entlebuch
Entlebuch District
Entremont District
Epalinges
Ependes
Eriswil
Erlach
Erlen
Erlenbach
Erlenbach / links des Dorfbachs oberhalb Bahnlinie
Erlenbach / rechts des Dorfbachs oberhalb Bahnlinie
Erlenbach im Simmental
Erlinsbach
Ermatingen
Ersigen
Erstfeld
Eschenbach
Eschenz
Eschlikon
Escholzmatt
Esslingen
Estavayer-le-Lac
Ettingen
Ettiswil
Evilard
Evionnaz
Evolène
Faido
Fehraltorf
Feldmeilen
Felsberg
Ferenbalm
Ferreyres
Feuerthalen
Feusisberg
Fiesch
Fischingen
Flamatt
Flawil
Fleurier
Flims
Flums
Flurlingen
Flüelen
Flühli
Fontainemelon
Fontenais
Founex
Franches-Montagnes District
Fraubrunnen
Frauenfeld
Frauenfeld District
Frauenkappelen
Freienbach
Freienstein
Frenkendorf
Fribourg
Frick
Froideville
Frutigen
Frutigen-Niedersimmental District
Fulenbach
Fully
Fällanden
Füllinsdorf
Gachnang
Gais
Gampel
Gams
Ganterschwil
Gattikon
Gebenstorf
Gelterkinden
Geneva
Genolier
Gerlafingen
Geroldswil
Gersau
Geuensee
Giffers
Gimel
Gipf-Oberfrick
Giswil
Giubiasco
Givisiez
Gland
Glarus
Glattbrugg
Glattbrugg / Rohr/Platten-Balsberg
Glattbrugg / Wydacker/Bettacker/Lättenwiesen
Glattfelden
Glovelier
Glâne District
Gockhausen
Goldach
Goldau
Goldingen
Gommiswald
Goms District
Gonten
Gontenschwil
Gordola
Gorgier
Gossau
Gossau
Gottlieben
Grabs
Grancy
Grand-Savagnier
Grandson
Gravesano
Greifensee
Greifensee / Müllerwis / Seilerwis
Greifensee / Pfisterhölzli
Grellingen
Grenchen
Grimisuat
Grindelwald
Grolley
Gros-de-Vaud District
Grossacker/Opfikon
Grossaffoltern
Grosswangen
Gruyère District
Gruyères
Gryon
Grächen
Gränichen
Grône
Grüsch
Grüt
Gstaad
Guggisberg
Gunzgen
Gunzwil
Gutenswil
Güttingen
Haag (Rheintal)
Hadlikon
Hallau
Hasle
Haslen
Hausen
Hausen am Albis / Hausen (Dorf)
Hedingen
Hegnau
Hegnau / Dammboden-Grindel
Hegnau / Sunnebüel-Eich
Heiden
Heimberg
Heimiswil
Heitenried
Henggart
Hergiswil
Herisau
Hermiswil
Herrliberg
Herzogenbuchsee
Hettlingen
Hildisrieden
Hilterfingen
Himmelried
Hindelbank
Hinteregg
Hinterrhein
Hinwil
Hittnau / Hittnau (Dorf)
Hitzkirch
Hochdorf
Hochdorf District
Hochfelden
Hochwald
Hofstetten
Hohenrain
Hombrechtikon
Homburg
Horgen
Horgen / Allmend
Horgen / Horgen (Dorfkern)
Horgen / Oberdorf
Horgen / Scheller-Stockerstrasse
Horn
Horw
Huttwil
Hägendorf
Häggenschwil
Hägglingen
Hérens District
Hérémence
Hölstein
Höri
Hünenberg
Hüttwilen
Ibach
Igis
Ilanz
Illnau
Illnau / Unter-Illnau
Ingenbohl
Ins
Interlaken
Interlaken-Oberhasli District
Inwil
Itingen
Jegenstorf
Jenaz
Jona
Jonen
Jongny
Jonschwil
Jura bernois
Jura-Nord vaudois District
Jussy
Kaiseraugst
Kaisten
Kallnach
Kaltbrunn
Kandersteg
Kappelen
Kehrsatz
Kerns
Kerzers
Kilchberg
Kilchberg / Bächler-Stocken
Kilchberg / Kilchberg (Dorfkern)
Killwangen
Kindhausen / Kindhausen (Dorf)
Kirchberg
Kirchberg
Kirchlindach
Kleinandelfingen
Kleinlützel
Klingnau
Klosters Serneus
Kloten
Kloten / Balsberg
Kloten / Freienberg (Chanzler-Chlini Chaseren)
Kloten / Geissberg
Kloten / Holberg
Kloten / Horainli
Kloten / Hostrass
Kloten / Kloten (Zentrum)
Kloten / Rütlen
Kloten / Spitz
Knonau
Knutwil
Koblenz
Kollbrunn
Kollbrunn / Kollbrunn (Dorfkern)
Konolfingen
Koppigen
Krauchthal
Kreuzlingen
Kreuzlingen District
Kriegstetten
Kriens
Krummenau
Kölliken
Köniz
Künten
Küsnacht
Küsnacht / Dorf
Küsnacht / Goldbach
Küsnacht / Heslibach
Küsnacht / Itschnach
Küsnacht / Schiedhalden
Küssnacht
Küttigen
La Chaux-de-Fonds
La Chaux-de-Fonds District
La Neuveville
La Punt Chamues-ch
La Roche
La Sarraz
La Tour-de-Peilz
La Tour-de-Trême
Laax
Lachen
Lake District
Lancy
Landquart
Langenbruck
Langendorf
Langenthal
Langnau
Langnau / Langnau (Dorf)
Langnau / Vitaquartier
Langnau am Albis
Langrickenbach
Laufen
Laufenburg
Lauffohr (Brugg)
Laupen
Laupersdorf
Lauperswil
Lausanne
Lausanne District
Lausen
Lauterbrunnen
Lavaux-Oron District
Lavertezzo
Le Chenit
Le Grand-Saconnex
Le Landeron
Le Locle
Le Locle District
Le Mont-sur-Lausanne
Le Noirmont
Le Vaud
Leibstadt
Lengnau
Lenk
Lens
Lenzburg
Lenzerheide
Les Avanchets
Les Bois
Les Brenets
Les Breuleux
Les Geneveys-sur-Coffrane
Les Ponts-de-Martel
Leuk
Leuk District
Leukerbad
Leuzigen
Leventina District
Leysin
Leytron
Lichtensteig
Liebefeld
Liesberg
Liestal
Ligornetto
Linden
Linthal
Littau
Locarno
Locarno District
Lodrino
Losone
Lostorf
Lotzwil
Lucens
Lucerne-Land District
Lucerne-Stadt District
Luchsingen
Lugano
Lugano District
Lumino
Lungern
Luterbach
Luthern
Lutry
Luzein
Luzern
Lyss
Lyssach
Läufelfingen
Löhningen
Lütisburg
Lützelflüh
Madiswil
Magadino
Magden
Maienfeld
Malans
Malleray
Malters
Malvaglia
Marin-Epagnier
Marly
Marsens
Marthalen
Martigny District
Martigny-Combe
Martigny-Ville
Massagno
Matten
Mattenbach (Kreis 7)
Mattenbach (Kreis 7) / Deutweg
Mattenbach (Kreis 7) / Endliker
Mattenbach (Kreis 7) / Gutschick
Matzendorf
Matzingen
Mauensee
Mauraz
Meggen
Meierskappel
Meilen
Meinier
Meinisberg
Meiringen
Meisterschwanden
Melano
Melchnau
Melide
Mellingen
Mendrisio
Mendrisio District
Menziken
Menzingen
Menznau
Merenschwand
Mesocco
Messen
Mettmenstetten
Meyrin
Minusio
Mogelsberg
Mollens
Mollis
Montagnola
Montagny
Montana
Monte Carasso
Monthey
Monthey District
Montreux
Morbio Inferiore
Morges
Morges District
Mosnang
Moudon
Moutier
Muhen
Mumpf
Muolen
Muotathal
Muralto
Murgenthal
Muri
Muri
Murten/Morat
Muttenz
Männedorf
Männedorf / Ausserfeld
Männedorf / Dorfkern
Märstetten-Dorf
Mézières
Möhlin
Mönchaltorf
Mönchaltorf / Dorf
Mörschwil
Mühleberg
Mühlehalde
Mühlethurnen
Müllheim
Münchenbuchsee
Münchenstein
Münchenwiler
Münchwilen
Münchwilen District
Münsingen
Münsterlingen
Müntschemier
Naters
Nebikon
Neerach
Neftenbach / Dorf Neftenbach
Netstal
Neuchâtel
Neuchâtel District
Neudorf
Neuenhof
Neuenkirch
Neuhausen
Neunkirch
Nidau
Niederbipp
Niederbüren
Niederglatt
Niederglatt / Niederglatt (Dorfkern)
Niedergösgen
Niederhasli
Niederhelfenschwil
Niederlenz
Niederrohrdorf
Niederurnen
Nottwil
Novazzano
Nunningen
Nyon
Nyon District
Näfels
Nänikon
Nänikon / Nänikon (Dorfkern)
Nürensdorf
Oberaargau
Oberbipp
Oberbuchsiten
Oberburg
Oberdiessbach
Oberdorf
Oberegg
Oberengstringen
Oberengstringen / Rauchacher
Oberengstringen / Sonnenberg
Oberengstringen / Zentrum
Oberentfelden
Oberglatt
Oberglatt / Bahnhofquartier
Oberglatt / Oberglatt (Dorfkern)
Obergösgen
Oberhelfenschwil
Oberkirch
Oberlunkhofen
Obermeilen
Oberrieden
Oberrieden / Berg
Oberrieden / Mitte
Oberriet
Oberrohrdorf
Oberrüti
Oberschrot
Obersiggenthal
Obersimmental-Saanen District
Oberurnen
Oberuzwil
Oberwil
Oberwinterthur (Kreis 2)
Oberwinterthur (Kreis 2) / Guggenbühl
Oberwinterthur (Kreis 2) / Hegi
Oberwinterthur (Kreis 2) / Talacker
Oberwinterthur (Kreis 2) / Zinzikon
Obfelden
Obfelden / Oberlunnern
Obfelden / Toussen
Oensingen
Oetwil
Oftringen
Ollon
Olten
Onex
Opfikon
Orbe
Ormalingen
Oron-la-Ville
Orpund
Orsières
Orvin
Otelfingen
Othmarsingen
Ottenbach
Ouest Lausannois District
Pailly
Palézieux
Pampigny
Paudex
Payerne
Penthalaz
Penthéréaz
Perroy
Peseux
Pfaffhausen
Pfaffnau
Pfeffingen
Pfungen
Pfyn
Pfäffikon
Pfäffikon
Pfäffikon / Irgenhausen
Pfäffikon / Pfäffikon (Dorfkern)
Pieterlen
Plaffeien
Plan-les-Ouates
Pompaples
Pontresina
Porrentruy
Porrentruy District
Poschiavo
Prangins
Praroman
Pratteln
Pregassona
Prilly
Préverenges
Puidoux
Pully
Puplinge
Pura
Péry
Quarten
Radelfingen
Rafz
Ramsen
Randogne
Rapperswil
Raron
Raron District
Rebstein
Rechthalten
Reconvilier
Regensdorf
Regensdorf / Feldblumen-Riedthofstrasse
Regensdorf / Hofacher-Geeren
Regensdorf / Obstgarten
Region Albula
Region Bernina
Region Engiadina Bassa / Val Müstair
Region Imboden
Region Landquart
Region Maloja
Region Moesa
Region Plessur
Region Prättigau / Davos
Region Surselva
Region Viamala
Rehetobel
Reichenburg
Reiden
Reigoldswil
Reinach
Renens
Rheineck
Rheinfelden
Rhäzüns
Riaz
Richterswil
Richterswil / Burghalde
Richterswil / Dorfkern
Richterswil / Richterswil (Dorfkern)
Rickenbach bei Wil
Riddes
Riedholz
Riehen
Riggisberg
Ringgenberg
Riva San Vitale
Riviera District
Riviera-Pays-d'Enhaut District
Rodersdorf
Roggwil
Roggwil
Rohr
Rohrbach
Rolle
Romanel-sur-Lausanne
Romanshorn
Romont
Root
Rorbas
Rorschach
Rothenthurm
Rothrist
Rotkreuz
Rubigen
Rudolfstetten
Rue
Rupperswil
Russikon
Ruswil
Römerswil
Röschenz
Rüderswil
Rüeggisberg
Rümlang
Rümlang / Rümlang (Dorfkern)
Rüschegg
Rüschlikon
Rüthi
Rüti
Rüti / Dorfzentrum Südl. Teil
Rüti / Oberdorf
Rüti / Westlicher Dorfteil
Saanen
Saas-Fee
Saas-Grund
Sachseln
Safenwil
Saignelégier
Saillon
Saint-Aubin-Sauges
Saint-Blaise
Saint-Cergue
Saint-Imier
Saint-Livres
Saint-Léonard
Saint-Maurice
Saint-Maurice District
Saint-Prex
Sainte-Croix
Salgesch
Salmsach
Salvan
Samedan
Samstagern
Sankt Antoni
Sankt Gallen
Sankt Gallenkappel
Sankt Margrethen
Sankt Niklaus
Sankt Peterzell
Sankt Stephan
Sargans
Sarine District
Sarmenstorf
Sarnen
Satigny
Sattel
Saubraz
Savigny
Savièse
Saxon
Schachen
Schaffhausen
Schafisheim
Scharans
Schattdorf
Schenkon
Schiers
Schindellegi
Schinznach Bad
Schinznach Dorf
Schleitheim
Schlieren
Schlieren / Boden
Schlieren / Engstingerquartier
Schlieren / Freiestrasse
Schlieren / Kamp
Schlieren / Spital
Schlieren / Zentrum
Schmerikon
Schmitten
Schwaderloch
Schwanden
Schwarzenberg
Schwellbrunn
Schwerzenbach
Schwerzenbach / Blatten
Schwerzenbach / Chimli
Schwyz
Schänis
Schöftland
Schönenbuch
Schönenwerd
Schötz
Schübelbach
Schüpfen
Schüpfheim
Scuol
Seeberg
Seedorf
Seedorf
Seeland District
Seen (Kreis 3)
Seen (Kreis 3) / Büelwiesen
Seen (Kreis 3) / Ganzenbühl
Seen (Kreis 3) / Oberseen
Seen (Kreis 3) / Waldegg
Seen (Kreis 3) / Waser
Seengen
Seftigen
Seglingen
Sellenbüren
Seltisberg
Selzach
Sementina
Sempach
Sennwald
Sense District
Seon
Seuzach / Seuzach (Dorf)
Seuzach Dorf
Seuzach Dorf / Breite-Weid
Sevelen
Siebnen
Sierre
Sierre District
Signau
Sigriswil
Silenen
Silvaplana
Sins
Sion District
Sirnach
Sissach
Sitten
Solothurn
Sonnhalde
Sorengo
Sottens
Speicher
Spiez
Spreitenbach
St. Moritz
Stabio
Stadt Winterthur (Kreis 1)
Stadt Winterthur (Kreis 1) / Altstadt
Stadt Winterthur (Kreis 1) / Brühlberg
Stadt Winterthur (Kreis 1) / Heiligberg
Stadt Winterthur (Kreis 1) / Lind
Stadt Winterthur (Kreis 1) / Neuwiesen
Stadt Winterthur (Kreis 1) / Tössfeld
Staffelbach
Stalden
Stans
Stansstad
Staufen
Steckborn
Steffisburg
Stein
Stein am Rhein
Steinen
Steinhausen
Steinmaur
Stetten
Stettfurt
Stettlen
Strengelbach
Stäfa
Subingen
Suhr
Sulgen
Sulz
Sulz
Sumiswald
Sursee
Sursee District
Sâles
Tafers
Tagelswangen
Tamins
Tanay
Tann
Tann / Tann (Dorfkern)
Tavannes
Tegerfelden
Tesserete
Teufen
Teufenthal
Thal
Thalwil
Thalwil / Berg
Thalwil / Dorfkern
Thalwil / Nord
Thalwil / See
Thalwil / Süd
Thayngen
Therwil
Thierachern
Thun
Thun District
Thundorf
Thusis
Thônex
Tiefencastel
Toffen
Trachselwald
Tramelan
Travers
Treyvaux
Triengen
Trimbach
Trimmis
Trogen
Troinex
Troistorrents
Trub
Trubschachen
Trun
Trélex
Tuggen
Turbenthal
Turgi
Turtmann
Tägerwilen
Täuffelen
Töss (Kreis 4)
Töss (Kreis 4) / Eichliacker
Töss (Kreis 4) / Schlosstal
Töss (Kreis 4) / Vorder-Dättnau
Udligenswil
Ueberstorf
Uerikon
Uerkheim
Uetendorf
Uetikon
Uetikon / Grossdorf
Uhwiesen
Uitikon
Unterengstringen
Unteriberg
Unterkulm
Unterlunkhofen
Unterseen
Untersiggenthal
Untervaz
Unterägeri
Urdorf
Urdorf / Bodenfeld
Urdorf / Moos
Urdorf / Oberurdorf
Urnäsch
Urtenen
Uster
Uster / Gschwader
Uster / Kirch-Uster
Uster / Nieder-Uster
Uster / Nossikon
Uster / Ober-Uster
Uttigen
Uttwil
Utzenstorf
Uznach
Uzwil
Val-de-Ruz District
Val-de-Travers District
Vallemaggia District
Vallorbe
Vals Platz
Vandœuvres
Varen
Vechigen
Veltheim
Veltheim (Kreis 5)
Veltheim (Kreis 5) / Blumenau
Veltheim (Kreis 5) / Rosenberg
Verbier
Vernayaz
Vernier
Verscio
Versoix
Vevey
Veveyse District
Vex
Veyrier
Vicques
Viganello
Villars-sur-Glâne
Villars-sur-Ollon
Villaz-Saint-Pierre
Villeneuve
Villigen
Villmergen
Villnachern
Vionnaz
Visp
Visp District
Visperterminen
Vitznau
Volketswil / Volketswil (Dorf)
Vordemwald
Vorderthal
Vouvry
Vuadens
Vuarrens
Vétroz
Wagenhausen
Wahlen
Wahlkreis Rheintal
Wahlkreis Rorschach
Wahlkreis Sarganserland
Wahlkreis See-Gaster
Wahlkreis St. Gallen
Wahlkreis Toggenburg
Wahlkreis Werdenberg
Wahlkreis Wil
Walchwil
Wald
Waldenburg
Waldkirch
Waldstatt
Walenstadt
Walkringen
Wallisellen
Wallisellen / Rieden
Wallisellen / Wallisellen-Ost
Wallisellen / Wallisellen-West
Waltenschwil
Walzenhausen
Wangen
Wangen
Wangen an der Aare
Wattenwil
Wattwil
Wauwil
Weesen
Wegenstetten
Weggis
Weinfelden
Weinfelden District
Weiningen
Weisslingen
Welschenrohr
Werthenstein
Wettingen
Wettswil / Ausser-Dorf
Wettswil / Wettswil (Dorf)
Wetzikon
Wetzikon / Kempten
Wetzikon / Ober-Wetzikon
Wetzikon / Robenhausen
Wetzikon / Unter-Wetzikon
Wichtrach
Wiedlisbach
Wiesendangen / Wiesendangen (Dorf)
Wigoltingen
Wikon
Wil
Wila
Wilchingen
Wilderswil
Wildhaus
Willisau
Willisau District
Wimmis
Windisch
Winterthur
Wittenbach
Wittnau
Wohlen
Wohlen
Wolfenschiessen
Wolfhausen
Wolfwil
Wolhusen
Wollerau
Worb
Worben
Wynau
Wynigen
Wyssachen
Wädenswil
Wädenswil / Boller-Giessen
Wädenswil / Büelen
Wädenswil / Dorf (Wädenswil)
Wädenswil / Eichweid
Wädenswil / Hangenmoos
Wädenswil / Leihof-Mühlebach
Wädenswil / Untermosen-Fuhr
Wängi
Wölflinswil
Wülflingen (Kreis 6)
Wülflingen (Kreis 6) / Härti
Wülflingen (Kreis 6) / Lindenplatz
Wülflingen (Kreis 6) / Niederfeld
Wülflingen (Kreis 6) / Oberfeld
Würenlingen
Würenlos
Yverdon-les-Bains
Yvonand
Zell
Zermatt
Zernez
Zizers
Zofingen
Zollikerberg
Zollikofen
Zollikon
Zuchwil
Zug
Zumikon
Zunzgen
Zuoz
Zuzwil
Zweisimmen
Zwingen
Zäziwil
Zürich
Zürich (Kreis 1)
Zürich (Kreis 1) / City
Zürich (Kreis 1) / Lindenhof
Zürich (Kreis 1) / Rathaus
Zürich (Kreis 10)
Zürich (Kreis 10) / Höngg
Zürich (Kreis 10) / Rütihof
Zürich (Kreis 10) / Wipkingen
Zürich (Kreis 11)
Zürich (Kreis 11) / Affoltern
Zürich (Kreis 11) / Oerlikon
Zürich (Kreis 11) / Schwandenholz
Zürich (Kreis 11) / Seebach
Zürich (Kreis 12)
Zürich (Kreis 12) / Auzelg
Zürich (Kreis 12) / Hirzenbach
Zürich (Kreis 12) / Saatlen
Zürich (Kreis 12) / Schwamendingen-Mitte
Zürich (Kreis 2)
Zürich (Kreis 2) / Enge
Zürich (Kreis 2) / Mittel-Leimbach
Zürich (Kreis 2) / Unter-Leimbach
Zürich (Kreis 2) / Wollishofen
Zürich (Kreis 3)
Zürich (Kreis 3) / Alt-Wiedikon
Zürich (Kreis 3) / Friesenberg
Zürich (Kreis 3) / Sihlfeld
Zürich (Kreis 4) / Aussersihl
Zürich (Kreis 4) / Hard
Zürich (Kreis 4) / Langstrasse
Zürich (Kreis 4) / Werd
Zürich (Kreis 5)
Zürich (Kreis 5) / Escher-Wyss
Zürich (Kreis 5) / Gewerbeschule
Zürich (Kreis 6)
Zürich (Kreis 6) / Oberstrass
Zürich (Kreis 6) / Unterstrass
Zürich (Kreis 7)
Zürich (Kreis 7) / Fluntern
Zürich (Kreis 7) / Hirslanden
Zürich (Kreis 7) / Hottingen
Zürich (Kreis 7) / Witikon
Zürich (Kreis 8)
Zürich (Kreis 8) / Mühlebach
Zürich (Kreis 8) / Seefeld
Zürich (Kreis 8) / Weinegg
Zürich (Kreis 9)
Zürich (Kreis 9) / Albisrieden
Zürich (Kreis 9) / Altstetten